id,subcategory,title,price,popularity
6834,mobile,Micromax Canvas Spark,4999,51936
5530,mobile,Samsung Galaxy Grand Max,12950,48876
4340,mobile,Apple iPhone 6,40999,46198
4804,mobile,Samsung Galaxy Grand Prime,9286,45775
5266,mobile,Micromax Canvas Nitro A311,7769,44273
5629,mobile,Samsung Galaxy E7,15763,40345
4376,mobile,Samsung Galaxy Core 2,5907,36082
6766,mobile,Lenovo A6000 Plus,7499,32727
2439,mobile,Samsung  Galaxy S4,14999,31466
3626,mobile,Apple iPhone 4S 8GB,12368,30996
5042,mobile,Microsoft Lumia 535,6874,29965
3633,mobile,Samsung Galaxy Grand 2,11466,28731
6259,mobile,Micromax Canvas Juice 2,7085,28649
3216,mobile,Apple iPhone 5S,33999,28628
5196,mobile,Samsung Galaxy Core Prime,7416,25586
3028,mobile,Sony Xperia Z Ultra,17849,25405
5342,mobile,YU Yureka,8999,24877
4993,mobile,Samsung Galaxy A5,17723,22201
5275,mobile,Samsung Galaxy S6,37999,20983
6764,mobile,Microsoft Lumia 540 Dual SIM,8652,20533
4408,mobile,Sony Xperia C3,14920,19723
4985,mobile,Micromax Canvas Unite 2 A106 (8GB),5078,18873
6990,mobile,Micromax Unite 3 Q372,5383,18660
5959,mobile,Samsung Galaxy A7,22091,17934
3320,mobile,Samsung  Galaxy S5,22499,17928
5572,mobile,Samsung Galaxy E5,13599,17780
4419,mobile,Xiaomi Mi4,14999,17304
4352,mobile,Nokia X2 Dual SIM,4499,16032
3607,mobile,Samsung Galaxy Note 3,25099,15911
4624,mobile,Nokia Lumia 730,11099,15847
6583,mobile,HTC Desire 626G+,13548,15820
4790,mobile,Micromax Canvas A1,4419,15372
5193,mobile,Samsung Z1 Tizen,4292,15174
5573,mobile,HTC Desire 826,20294,15043
6115,mobile,Lenovo A7000,8999,14925
4483,mobile,Asus  Zenfone 5 (16GB),8902,14710
4882,mobile,Apple iPhone 6 64GB,51499,14686
7081,mobile,Micromax Canvas Nitro 2 E311,9179,14653
3941,mobile,Sony Xperia M2 Dual,12499,14442
6114,mobile,Microsoft Lumia 640 XL,11931,14417
5834,mobile,HTC  Desire 526G Plus,8916,14400
5622,mobile,Lenovo A6000,6659,13803
3595,mobile,Motorola Moto G 2nd Generation (16GB),10999,13566
6119,mobile,Micromax Canvas Fire 4,5354,13414
4359,mobile,Samsung Galaxy Note 4,38899,13085
3888,mobile,Micromax Canvas Knight A350,19999,12309
4208,mobile,Micromax Unite 2 A106,5058,12268
4088,mobile,Samsung  Galaxy S3 Neo,11047,12235
3705,mobile,Samsung  Galaxy Note 3 Neo,17212,11662
5833,mobile,Intex Aqua Power HD,7904,11479
3069,mobile,Sony Xperia C,10069,11372
6942,mobile,Intex Aqua Power Plus,7649,11272
4848,mobile,HTC Desire 816G Dual SIM,14423,11158
3706,mobile,Sony Xperia E1 Dual,5250,11095
5195,mobile,HTC Desire 620G,11478,10557
1597,mobile,Apple iPhone 4S 16GB,20100,10442
5838,mobile,Samsung Galaxy S6 Edge,45500,10431
4805,mobile,Sony Xperia E3 Dual,9299,9895
2999,mobile,Sony Xperia M Dual,6990,9825
3435,mobile,Samsung  Galaxy Star Pro Duos,3893,9725
4747,mobile,Lenovo A536,5343,9673
5018,mobile,HTC Desire 820s,18137,9610
4342,mobile,HTC Desire 616,8969,9606
4415,mobile,Nokia Lumia 530 Dual SIM,4242,9601
5955,mobile,Asus Zenfone 2,12999,9560
4091,mobile,Micromax Canvas Doodle 3 A102,5796,9403
4760,mobile,Apple iPhone 6 Plus,51999,9145
4977,mobile,Huawei Honor 4X,11999,9132
5736,mobile,Samsung Galaxy Grand Neo Plus,7947,8954
3113,mobile,Sony Xperia Z1,23319,8857
4992,mobile,Samsung Galaxy A3,12664,8832
6801,mobile,Lava Iris X1 Atom,4099,8823
4090,mobile,Motorola  Moto E,4999,8585
5147,mobile,Xiaomi Redmi Note 4G,9999,8533
5791,mobile,Samsung Galaxy J1,6197,8378
6198,mobile,Xiaomi Redmi 2,6999,8309
3728,mobile,Nokia Lumia 630,4499,8137
4726,mobile,HTC Desire 820,21250,8130
5909,mobile,Intex Aqua Star II,5014,8066
4363,mobile,Sony Xperia Z3,34415,7986
4597,mobile,Micromax Canvas Fire 2 A104,5245,7827
4056,mobile,Apple iPhone 5C (8 GB),21847,7730
7235,mobile,Sony Xperia M4 Aqua Dual,19304,7720
4722,mobile,Samsung Galaxy S Duos 3 ,5363,7313
5019,mobile,Gionee Marathon M3,9774,7276
4990,mobile,Micromax Canvas Doodle 3 A102 (8 GB),5759,7192
5873,mobile,Sony Xperia E4 Dual,9817,7178
4241,mobile,Sony Xperia T3,13023,7166
6083,mobile,Motorola Moto E (2nd Gen),6999,7058
5974,mobile,Microsoft Lumia 640,8999,6933
3325,mobile,LG  Google Nexus 5,19121,6923
4361,mobile,HTC Desire 516,7513,6745
5144,mobile,Micromax Bolt AD4500,3654,6685
4630,mobile,Nokia 130 Dual SIM,1280,6633
2892,mobile,Nokia 105,837,6593
1765,mobile,Samsung Galaxy S3,17000,6448
6354,mobile,Intex Aqua M5,4162,6378
3504,mobile,Apple iPhone 5S 32GB,40399,6347
4442,mobile,Xiaomi Redmi 1S,5399,6246
3439,mobile,Nokia Lumia 1320,11499,6221
4450,mobile,Micromax Canvas HD Plus A190,6800,6153
4498,mobile,Samsung Galaxy Alpha,20397,6107
5251,mobile,Micromax Canvas Xpress,5541,6078
3379,mobile,Sony Xperia Z2,29899,6024
4127,mobile,Nokia Lumia 630 Dual SIM,4674,6021
5897,mobile,Samsung Galaxy J1 4G,6197,5980
4175,mobile,Nokia 225 Dual Sim,2634,5967
4644,mobile,Micromax Canvas Knight Cameo A290,6374,5872
4120,mobile,OnePlus One,21998,5857
4416,mobile,Asus  Zenfone 5 (8GB),8499,5801
7107,mobile,YU Yuphoria,6999,5780
4513,mobile,Samsung Galaxy Star Advance G350E,4671,5759
4136,mobile,Micromax Canvas 2 Colors A120,6289,5735
3936,mobile,Nokia XL,6197,5700
4734,mobile,Micromax Canvas Nitro A310,10029,5633
7008,mobile,Intex Aqua Star II HD,5602,5603
5839,mobile,HTC Desire 816G Plus Octa Core,15640,5493
7011,mobile,Sony Xperia C4 Dual,24999,5397
4292,mobile,Micromax Canvas Win W121,5490,5374
4290,mobile,Nokia Lumia 638,5499,5370
2996,mobile,Sony Xperia M,8620,5357
1596,mobile,Apple iPhone 4S 32GB,18499,5266
4881,mobile,Apple iPhone 6 Plus 64GB,61449,5181
3818,mobile,Sony Xperia T2 Ultra Dual,18943,5173
5872,mobile,Lenovo P70,13506,5143
4119,mobile,Gionee Pioneer P4,6103,5132
2348,tablet,Apple  iPad Mini,15215,5130
5752,mobile,Lava Iris X1 Grand,6299,5117
5723,mobile,Karbonn Machone Titanium S310,5046,5115
6339,mobile,Intex Aqua HD 5.0,6507,5086
4920,mobile,Panasonic T40,4225,5057
6759,mobile,Motorola Moto E 4G (2nd Gen),7499,4981
6040,mobile,Sony Xperia E4g Dual SIM,10761,4945
4571,mobile,Samsung Guru Music 2,1485,4941
5082,mobile,Panasonic Eluga S,7884,4758
6109,mobile,Intex  Aqua N11,3144,4685
5859,mobile,Lava Iris X8,8555,4659
7233,mobile,Micromax Canvas Doodle 4,7624,4627
2815,mobile,Samsung  Galaxy S4 Mini,13501,4575
5851,mobile,Lava  Iris X1 Mini,4499,4540
4025,tablet,Samsung Galaxy Tab 3 Neo 8GB (Wi-Fi 3G),8244,4515
3736,mobile,Samsung  Galaxy Grand Neo,9349,4472
4884,mobile,Apple iPhone 6 128GB,52000,4431
3939,mobile,Nokia 220,2210,4403
6581,mobile,Xiaomi Mi4 64GB,19999,4398
1128,mobile,Samsung Metro DUOS C3322,2422,4396
3952,mobile,HTC Desire 816,21090,4385
5903,mobile,Samsung Galaxy Core Prime 4G,9799,4366
4774,mobile,Micromax Bolt A064,2999,4334
7113,mobile,Xolo Prime,4460,4269
4803,mobile,Sony Xperia E3,8499,4183
5721,mobile,Microsoft Lumia 435 Dual SIM,4620,4172
6118,mobile,Gionee Elife S7,19844,4146
2615,mobile,BlackBerry Z10,15995,4083
4853,mobile,Micromax Canvas 4 Plus A315,9217,3980
4339,mobile,Micromax Canvas Gold A300,14674,3960
3825,mobile,Sony Xperia T2 Ultra,16857,3956
1846,mobile,Samsung  Galaxy Note 2,23352,3944
5805,mobile,Karbonn  A6 Turbo,3240,3921
4649,mobile,Micromax Canvas XL2 A109,5609,3905
2432,mobile,Sony  Xperia E,4544,3899
4239,mobile,BlackBerry Z3,11729,3851
5024,mobile,Panasonic P55,8292,3829
2678,mobile,Nokia Lumia 520,5800,3823
6584,mobile,Samsung Galaxy S6 64GB,46199,3765
4490,mobile,Lenovo S850,9774,3756
6091,mobile,Micromax Joy X1800,634,3719
6946,mobile,Huawei Honor 4C,11999,3698
4723,mobile,Gionee Elife S5.1,11799,3677
3114,mobile,Nokia Lumia 625,7598,3660
7334,mobile,Micromax Canvas Knight 2,13037,3656
4885,mobile,Apple iPhone 6 Plus 128GB,54700,3649
3673,mobile,Samsung  Galaxy S Duos 2,6922,3618
5785,mobile,HTC  Desire 526G Plus,8925,3539
6838,mobile,Asus Zenfone 2 ZE551ML (4GB RAM 32GB ROM 1.8 GHz),18999,3523
4296,tablet,Samsung  Galaxy Tab 4 7.0 (3G),12499,3522
4235,mobile,Karbonn Titanium Octane Plus,9990,3499
2495,mobile,Sony  Xperia Z,18790,3498
6744,mobile,Micromax X3203,1749,3493
5298,mobile,Intex Aqua Xtreme,11042,3472
7080,tablet,Micromax Canvas Tab P480,6400,3469
2377,mobile,Samsung Guru E1207,1365,3417
3942,mobile,Gionee M2,7522,3408
6761,mobile,Intex Aqua Speed HD,6493,3401
5244,mobile,Intex Aqua Power,6714,3390
1779,mobile,Samsung E1200,944,3386
6038,mobile,Xolo Win Q1000,5799,3375
4378,mobile,Samsung Galaxy Star 2,3934,3372
6020,mobile,Nokia 215,1760,3353
3210,mobile,Apple iPhone 5C,29000,3346
4789,mobile,Karbonn Sparkle V,3999,3321
2862,mobile,Samsung  Galaxy Core,7384,3289
1981,mobile,Samsung Galaxy S Duos,6499,3241
5255,mobile,Intex Aqua 3G Plus,2882,3167
7012,mobile,Huawei Honor Bee,4499,3143
5389,mobile,Gionee  M2,7555,3130
6089,mobile,Sony Xperia M4 Aqua,19344,3030
15,mobile,Apple iPhone 4,12749,3028
3436,mobile,Nokia Lumia 525,5649,3027
5718,mobile,Microsoft Lumia 532,5468,3021
7161,mobile,Intex Cloud M5 II,4699,3001
4463,mobile,Xolo Win Q900s,5397,2956
6945,mobile,Micromax Canvas Play Q355,6052,2940
4637,mobile,Motorola Nexus 6,34999,2924
3119,tablet,Samsung Galaxy Tab 3 T211 8GB (Wi-Fi 3G),8999,2900
1170,mobile,Samsung Galaxy S2 I9100,20050,2855
4422,mobile,Samsung Galaxy Ace NXT,4522,2832
3591,mobile,Apple iPhone 5S 64GB,41999,2820
6949,mobile,Microsoft LUMIA 430 Dual SIM,4620,2781
6124,mobile,Intex Aqua Speed,5864,2759
5124,mobile,Panasonic Eluga I,6459,2751
4280,mobile,Gionee P2S,4044,2742
3824,mobile,Nokia X,4590,2716
5956,mobile,Micromax Canvas Pep,4499,2671
6234,mobile,Karbonn  Titanium Dazzle S201,4484,2658
3892,mobile,Nokia Lumia 930,27999,2642
4108,mobile,Lenovo S660,6184,2623
4857,mobile,Huawei Honor Holly,6880,2616
6988,mobile,Panasonic Eluga L 4G,10349,2615
5282,mobile,Vivo X5 Max,29980,2595
3982,mobile,HTC One (M8),31999,2591
12,mobile,Apple iPhone 3GS 16GB,12179,2579
6763,mobile,HTC Desire 326G,8624,2570
4641,mobile,Panasonic ELUGA A,5674,2569
5011,mobile,Lenovo Vibe X2,14444,2554
4729,mobile,Samsung Galaxy Note Edge,47460,2539
3923,tablet,"Dell Venue 7 16GB (Wi-Fi, 3G)",7550,2517
5163,tablet,Micromax Canvas Tab P666,7479,2510
6765,mobile,Samsung Galaxy S6 Edge 64GB,54699,2499
4516,mobile,Panasonic ELUGA U,11600,2465
6840,mobile,Asus Zenfone 2 ZE551ML (2GB RAM 16GB ROM 1.8 GHz),14999,2445
4725,mobile,Sony Xperia Z3 Compact,31650,2442
3819,mobile,Sony Xperia E1,5211,2414
4662,mobile,Micromax Bolt A065,3051,2405
2902,mobile,Sony  Xperia ZR,15990,2374
3104,mobile,Micromax Bolt X088,636,2366
4642,mobile,Nokia Lumia 830,20600,2361
3049,mobile,Micromax  Canvas 4,8597,2353
4048,mobile,Gionee Elife S5.5,14431,2335
3076,mobile,Nokia Lumia 1020 (EOS),29990,2332
4070,mobile,Motorola Moto X (2nd Gen),21999,2328
5875,mobile,Asus Zenfone C,6235,2318
3733,mobile,LG  G3,28500,2317
2484,mobile,Samsung  Galaxy Grand Duos,11499,2306
4952,mobile,Intex Aqua Y2 Pro,3523,2297
5343,mobile,IBall Andi 4L Pulse,2999,2280
5854,mobile,Lenovo S90,15554,2271
7173,mobile,Micromax Canvas Fire 3 A096,5069,2270
4872,mobile,Karbonn Titanium Wind W4,2719,2254
5153,mobile,Karbonn Titanium S8,4999,2252
4207,mobile,Panasonic P81,14990,2215
5749,mobile,Gionee Pioneer P6,7500,2185
3437,mobile,Micromax Canvas Turbo A250,9161,2171
5004,mobile,Lava Iris Fuel 50,6649,2161
5835,mobile,HTC One M9 Plus,42999,2149
4788,mobile,Spice Dream Uno Mi-498,3999,2148
5836,mobile,LG G4,42999,2136
3447,mobile,Nokia 108 Dual SIM,1539,2134
3303,mobile,Micromax Canvas Bolt A67,3960,2131
4664,mobile,LG G3 Stylus,13077,2119
6164,mobile,Micromax  Bolt Q324,3169,2105
4589,mobile,Xolo 8X-1000,9999,2103
4728,mobile,Lava Iris X5,7490,2102
3581,mobile,Lenovo A369i,3439,2099
6785,mobile,Micromax Bolt S300,2538,2086
5249,mobile,Xolo Omega 5.5,8799,2068
3383,mobile,Samsung Galaxy Trend Duos S7392,5699,2024
4421,mobile,Micromax Canvas Fire A093,4327,2002
7249,mobile,Intex Cloud Power Plus,8599,1993
3839,tablet,"Micromax Funbook P280 4GB (Wi-Fi, 3G via USB Dongle)",3982,1956
4055,mobile,HTC Desire 310,6949,1956
5780,mobile,Intex  Aqua 4.5E,3472,1952
2956,mobile,Samsung  Galaxy Grand Quattro,10659,1936
4410,mobile,Xiaomi Mi 3,17743,1934
3669,mobile,Gionee Elife E7 Mini,12399,1926
6246,tablet,Dell Venue 7 3740 16GB (Wi-Fi 3G),7569,1907
7399,mobile,Micromax Canvas Hue 2,11818,1906
6086,mobile,Micromax Canvas Selfie A255,12300,1904
7141,tablet,IBall Slide i701,4864,1899
1598,mobile,Apple iPhone 4S 64GB,34999,1889
4269,mobile,Xolo Q1200,5799,1887
5928,mobile,Intex Aqua R2,1999,1884
4939,mobile,Xolo One,4759,1877
4341,mobile,HTC One E8 Dual SIM,28152,1874
4233,mobile,Intex Aqua i5 HD,9299,1862
3938,mobile,Nokia X+,4589,1837
5225,mobile,Lava Iris Win1,4000,1837
3730,mobile,Micromax Canvas Blaze MT500,5415,1836
4847,mobile,HTC Desire 820Q,20069,1831
4855,mobile,Intex Aqua Star Power,6290,1820
2635,mobile,Sony  Xperia SP,11249,1815
5289,tablet,Lenovo Tab 2 A7-10 8GB (Wi-Fi),4849,1799
3851,mobile,Micromax Bolt A71,3825,1798
6837,mobile,Lenovo A5000,8510,1796
3305,mobile,Nokia Lumia 1520,33923,1768
5022,mobile,Spice Stellar 518,6099,1754
6724,tablet,Mediatek N966,2549,1744
4060,mobile,Micromax Canvas Juice A177,6079,1707
6214,mobile,Infocus  M2,5049,1705
6289,mobile,HTC One E9+,33198,1703
3608,mobile,LG Google Nexus 5 32GB,23990,1699
5049,mobile,Lenovo A319,4299,1693
4852,mobile,Karbonn Titanium S5 Ultra,5065,1682
4561,mobile,Samsung Metro B312E,1804,1676
3208,mobile,BlackBerry Z30,21150,1667
4168,mobile,HTC Desire 210,6609,1662
7122,mobile,Lenovo S60,12000,1648
1148,mobile,Apple iPhone 4 16GB,26999,1640
3758,mobile,Gionee Pioneer P3,4963,1613
1785,mobile,Sony  Xperia U,11700,1608
1801,mobile,Samsung Omnia M,5798,1607
2485,mobile,Samsung Galaxy Grand Duos,13600,1606
5050,mobile,Karbonn A19 Plus,4690,1604
6832,mobile,Intex Cloud M6,5666,1602
2619,tablet,Samsung Galaxy Tab 2 P3110 Wi-Fi,6999,1600
6287,mobile,Sony Xperia T3 Dual SIM,27990,1585
7375,mobile,Lava Iris X9,10960,1580
4382,mobile,Huawei Honor 6,16999,1580
5033,mobile,HTC One M8 Eye,30999,1568
7304,mobile,Nokia 105 Dual SIM,1030,1568
2433,mobile,Sony  Xperia E Dual,4990,1565
4930,mobile,IBall Enigma Andi 4.5M,6303,1563
2899,mobile,Nokia Asha 501,4019,1561
4469,tablet,Lenovo A7-30 8GB (WiFi 3G),7499,1560
6037,mobile,Vivo  Y28,9990,1557
4417,mobile,Asus Zenfone 6,13850,1539
4071,tablet,HP  Slate 7 Voice Tab 16GB,9996,1525
5440,mobile,Intex Aqua V4,2489,1519
4802,mobile,HTC 310 (1GB RAM),7888,1516
5714,mobile,Micromax Canvas Hue ,8839,1514
5030,mobile,Micromax Canvas 2 Colors A120 (8 GB ROM),6197,1505
4489,mobile,BlackBerry Passport,36499,1488
4468,mobile,Motorola Moto G2,11799,1486
3252,mobile,Sony Xperia Z1 Compact,24899,1483
3899,mobile,Micromax Bolt A24,2136,1477
4021,mobile,Micromax  Canvas Power A96,5939,1470
6071,mobile,Micromax Joy X1850,809,1469
3714,mobile,Micromax Canvas 2.2 A114,6499,1459
4860,mobile,Lenovo A328,4844,1451
4806,mobile,Karbonn Titanium S10,4462,1447
2677,mobile,Nokia Lumia 720,15983,1444
4629,mobile,Karbonn A5 Turbo,2163,1438
3604,mobile,Gionee Elife E7,17957,1433
4452,mobile,LG G3 Beat,12749,1433
4588,tablet,IBall Slide 3G Q7271-IPS20 ,5857,1431
3452,tablet,Apple  iPad Mini 2,21199,1420
6175,mobile,Lava Iris X1 Beats,5999,1387
4169,mobile,Lenovo S650,6500,1372
6186,mobile,Micromax  Bolt D321,4247,1360
4185,mobile,Lenovo S860,10880,1348
4591,mobile,Spice Smart Flo Mi-359,2399,1346
2865,mobile,Sony  Xperia L,10069,1333
5344,tablet,Micromax Canvas Tab P470,6796,1332
3441,mobile,LG G Pro Lite Dual,10242,1331
5335,mobile,Samsung  Metro Duos,3465,1328
2905,mobile,Nokia Lumia 925,20069,1324
4924,tablet,Apple iPad Air 2,29416,1310
6586,mobile,Lava Iris Icon,11098,1310
3121,tablet,Samsung Galaxy Tab 3 T311 16GB (Wi-Fi 3G),13999,1301
7044,mobile,Micromax Bolt D320,3153,1297
2314,mobile,Micromax A110 Canvas 2,8490,1278
4078,mobile,Micromax Canvas Blaze HD EG116,6787,1277
3179,mobile,LG G2,22999,1268
5318,mobile,Acer  Liquid E700,8049,1268
2858,mobile,Micromax  Canvas Doodle A111,8500,1263
7097,mobile,Asus Zenfone 2 ZE551ML (4GB RAM 64GB ROM 2.3 GHz),22999,1262
5874,mobile,Sony Xperia E4,11649,1260
4467,mobile,Xolo Q500s IPS,3799,1256
4081,mobile,Lenovo A526,5200,1255
6272,mobile,Lava  Iris X8,7999,1250
2161,mobile,Nokia Lumia 920,25640,1243
2430,mobile,Nokia Lumia 620,8795,1240
4066,mobile,LG L70,7429,1225
5290,mobile,Panasonic  T41,5999,1215
2397,mobile,Nokia Asha 206,3655,1205
6219,mobile,Lava Iris Fuel 25,5499,1200
5248,mobile,Xolo Omega 5.0,6374,1193
4254,mobile,Xolo A500S IPS,4039,1182
3543,mobile,Lenovo A269i,2124,1179
4135,mobile,Micromax Canvas Elanza 2 A121,7700,1176
4791,tablet,Asus 2014 FE170CG Fonepad 7,7499,1175
3341,mobile,Intex Aqua i7,21900,1174
7244,mobile,Coolpad Dazen 1,9999,1174
4787,mobile,Karbonn A1 Plus Champ,2252,1172
1763,mobile,Sony Xperia P,13549,1170
6852,mobile,Intex Aqua Y2 1GB RAM,4573,1163
2577,mobile,Micromax  Canvas HD A116,10069,1158
4931,mobile,LG L Fino D295,7804,1151
2372,mobile,Samsung Guru Music E1282,1743,1150
1786,mobile,BlackBerry Curve 9320,6499,1143
4022,mobile,Lenovo A680,6199,1142
6153,tablet,Dell Venue 7 3741 8GB (Wi-Fi 3G),6795,1134
2860,mobile,Nokia Asha 210,4531,1130
5787,mobile,IBall Andi 5Q Cobalt Solus,10031,1128
6862,mobile,OnePlus One 16GB,18998,1125
4496,mobile,Panasonic P61,11699,1125
2346,mobile,Nokia Lumia 510,4350,1124
4891,mobile,IBall Andi5 Stallion,5354,1121
4543,mobile,Xolo A550S IPS,4123,1107
5868,mobile,Intex Aqua Q3,5120,1105
3404,mobile,Gionee Elife E6,15850,1099
4509,mobile,LG G3 32GB,31000,1099
6053,mobile,Karbonn  Titanium S15,3025,1098
4065,mobile,IBall Andi 5T COBALT 2,6749,1096
2605,mobile,Micromax A65 Smarty 4.3,3499,1092
5237,mobile,Karbonn Titanium S25 Klick,6459,1091
1985,mobile,Sony Xperia J,6499,1085
7333,mobile,Intex Aqua 4G Plus,8067,1083
6135,tablet,IBall Slide Brace X1 16GB (Wi-Fi 3G),15899,1081
2817,mobile,Samsung Galaxy Mega 6.3 i9200,18199,1077
3236,mobile,Gionee Elife E3,9999,1076
504,mobile,Samsung Guru E1081,991,1075
4883,mobile,HTC Desire EYE,30284,1075
4327,mobile,Micromax Canvas Unite A092,4700,1072
1364,mobile,Micromax E390,2438,1067
7082,tablet,Micromax Canvas Laptab,14990,1066
3530,mobile,Spice M-6110,1999,1063
6220,mobile,Karbonn  Titanium Mach Two,7990,1062
4039,mobile,Micromax Bolt A089,3799,1051
5078,mobile,Micromax X2814,1249,1045
2907,mobile,BlackBerry Q5,12820,1044
4432,mobile,Intex Aqua 3G,3060,1044
2958,mobile,Samsung Galaxy Star,3458,1042
4370,tablet,Samsung  Galaxy Tab S 10.5,33580,1040
2861,tablet,Samsung  Galaxy Tab 3,9799,1035
932,mobile,Motorola Defy,5200,1030
3594,mobile,Lenovo Vibe Z,15790,1028
3672,mobile,HTC Desire 700,18061,1020
5157,tablet,Lenovo A7-30 Tablet 8 GB (WiFi 2G),5825,1015
4727,mobile,Celkon Millennium Glory Q5,4499,1013
4026,mobile,Micromax Canvas Duet 2 EG111,6779,1009
3420,mobile,Gionee Long L800,1818,1003
4397,mobile,Spice Stellar Mi-600,5269,1001
5059,tablet,IBall 6351-Q40,3633,995
4716,mobile,Lava Iris X1 8 GB,12190,988
2244,mobile,HTC 8S,10999,987
2618,mobile,BlackBerry Q10,20621,985
4739,mobile,Karbonn K22 Plus,872,985
4393,mobile,Xolo Q2000L,7793,980
4909,mobile,LG L Bello D335,10890,980
1901,mobile,Sony Xperia Miro,9500,974
4647,mobile,Samsung Galaxy Mega 2,18000,969
3505,mobile,Apple iPhone 5C 32GB,36500,958
4429,mobile,Karbonn Titanium Octane,7990,956
4795,mobile,Lava Iris 250,3999,949
3996,mobile,Motorola Moto X,35999,942
6836,mobile,Gionee Pioneer P4S ,7280,939
4183,mobile,Huawei Honor 3C,8499,935
4947,mobile,Micromax Q25,1449,934
3826,tablet,"Asus Fonepad 7 8GB (Wi-Fi, 3G)",7999,933
4276,tablet,Samsung  Galaxy Tab 4 8.0 (3G),26500,922
4121,mobile,Karbonn Titanium S1 Plus,3306,921
1479,mobile,Samsung Galaxy Note,24143,912
5081,mobile,Intex Aqua Star 5.0,6939,910
3622,mobile,Gionee Pioneer P2,3880,909
3700,mobile,Karbonn Titanium S5 Plus,6889,900
5512,mobile,Micromax X071,736,895
6218,mobile,Lava Iris Fuel 10,6100,894
4470,mobile,Xolo Play 6X 1000,10000,893
4935,mobile,Gionee CTRL V4S,8399,890
7377,tablet,Micromax Canvas Tab P690,8303,879
6797,mobile,Infocus M330,9499,875
3734,mobile,Xolo Q3000,13399,874
4040,mobile,Micromax A94 Canvas Mad,4249,874
5100,mobile,Gionee CTRL V6L,11714,870
3578,mobile,Lenovo A850,7748,869
3335,tablet,UbiSlate  7CZ,3103,864
4413,tablet,Xiaomi Mi Pad 7.9,12999,862
4534,mobile,Micromax Bolt A069,5344,847
5708,tablet,Dell Venue 3000 Series 7 16GB (Wi-Fi),5949,846
3251,mobile,Micromax Canvas Doodle 2 A240,12000,830
4067,mobile,LG L90,9012,829
6121,mobile,BlackBerry Leap,20088,829
3889,mobile,Micromax Canvas Turbo Mini A200,7123,825
6333,mobile,Lava Iris 325 Style,2799,824
4969,mobile,LG L 60i X137,4675,823
4459,mobile,Panasonic T41,4960,822
4080,mobile,Spice Stellar Mi506,4499,821
2627,mobile,HTC One,47500,820
4084,mobile,Xolo Q1010i,9949,818
6841,mobile,Lava Iris Alfa L,7071,817
3668,mobile,Gionee Elife E7 (32 GB),23990,812
4137,mobile,Gionee CTRL V5,8880,807
5230,tablet,Dell Venue 7 3740 (16 GB With Voice Call),6689,807
1848,mobile,Nokia Asha 305,3290,804
7307,mobile,Panasonic Eluga S Mini,8099,800
3318,mobile,HTC One Dual SIM 802D (CDMA + GSM),32774,797
4646,mobile,Celkon Millennium Dazzle Q44,3399,797
5320,mobile,Vivo X3S,15229,796
3605,mobile,Xolo Q1000 Opus,5449,788
5381,mobile,Zen  Ultrafone 303 Elite,2423,787
3400,mobile,Nokia Asha 500,3599,783
4731,tablet,Lenovo Tab S8,17490,777
6288,mobile,LG Spirit,11999,777
6517,tablet,Vox V102,2974,776
5269,mobile,Karbonn K105S,693,771
6335,mobile,Lava Iris 444,3199,768
4854,mobile,Intex Aqua Star HD,7642,767
4890,mobile,Xolo Opus HD,7549,764
3924,mobile,Micromax Canvas A93 Elanza,5139,763
1954,mobile,Sony Xperia Tipo Dual,4400,762
3093,tablet,Acer Iconia W3-810 32GB Wi-Fi,7999,761
1777,mobile,HTC Desire C,5044,759
4329,mobile,Xolo Q1000 Opus 2,5499,756
5001,mobile,Spice Stellar 524,6359,751
4255,mobile,LG L80,7990,750
2283,mobile,Apple iPhone 5 64GB,59500,748
4905,tablet,IBall Slide 3G 6095 D20,5525,748
1845,mobile,Sony Xperia Neo L,9249,747
4708,tablet,Lenovo A8-50 Tab,13069,745
3026,mobile,Lenovo K900,18599,742
6102,mobile,BlackBerry  Porsche P9982,65000,741
7402,mobile,Infocus M530,10999,733
3083,mobile,Karbonn Titanium S9,12780,732
4043,mobile,ZTE Grand X Quad Lite V967S,4900,730
4627,mobile,LG L60,5355,727
4191,tablet,Lenovo A7-50 16GB (WiFi 3G),9948,724
5245,mobile,Lenovo S580,8773,722
5070,mobile,Spice M-6112,1999,720
5424,mobile,Xolo  Q710S,5354,717
3751,mobile,Micromax Bolt A59,2974,716
5741,mobile,Spice  Mi-514,4999,716
3301,tablet,HCL  ME U3,4450,713
4550,mobile,Intex Aqua Y2,4000,712
3667,mobile,Micromax Canvas Juice A77,8999,706
7084,mobile,Intex Cloud N,3399,703
6758,tablet,Lenovo Tab 2 A7-30,8999,702
5032,mobile,Panasonic T9,2746,700
3451,tablet,Apple iPad Air,25176,697
4349,mobile,Huawei Ascend G6,8550,690
1803,mobile,Lava Xolo X900  ,17299,689
1844,mobile,Sony Xperia Tipo,5490,679
1536,mobile,Nokia Lumia 710,6471,678
5240,mobile,Spice Stellar 520n,4999,678
4936,mobile,Xolo Q2100,8250,673
7125,mobile,Nubia Z9 Mini,16999,673
5317,mobile,Vivo Y15,7890,672
3253,mobile,HTC Desire 601,14979,667
4595,mobile,Micromax X249,1500,667
5340,mobile,Huawei Honor 6 Plus,26499,667
4675,mobile,IBall Andi5S Cobalt3,6544,660
4954,tablet,Lenovo Yoga 2,18990,657
1439,mobile,Samsung Galaxy Y S5360,7000,656
4383,mobile,LG F70,7490,656
4783,mobile,Celkon Ultra Q500,8299,654
2223,mobile,Lava C11,1010,651
4527,mobile,Lava Iris X1,7299,646
1842,mobile,Sony Xperia Go,14562,645
3487,mobile,Micromax Bolt A58,3499,645
4204,mobile,Gionee S96,2440,642
4979,mobile,ZTE Blade Buzz V815W,2244,635
2588,mobile,HTC Desire U,6069,633
5733,mobile,BlackBerry  Classic,26303,633
5259,mobile,Xolo Q1000s Plus,9499,632
3022,mobile,Lenovo P780,14550,629
3861,mobile,Micromax Canvas XL A119,13999,629
4754,mobile,ZTE V5,5555,627
3497,mobile,LG G2 (32 GB),23685,625
4218,tablet,IBall Slide 3G 7803Q-900 16GB (WiFi 3G),8407,624
3297,mobile,Micromax Canvas Fun A76,5570,623
5319,mobile,Vivo Y22,8999,621
7086,mobile,Intex Aqua Life II,5294,621
1626,mobile,Samsung Galaxy S Advance I9070,14795,620
6134,mobile,IBall  Andi 5M,6869,615
4538,mobile,Karbonn Titanium S3,4929,612
384,mobile,Nokia 1616,1065,609
4573,mobile,Micromax CG666,1912,608
4937,tablet,Apple iPad mini 3,25799,606
4840,tablet,IBall slide WQ32,8188,603
2925,mobile,Samsung Galaxy S4 Zoom,25450,602
7199,tablet,Dell Venue 7 3000,8273,602
5257,mobile,IBall  Andi 4 Arc,3332,600
332,mobile,Micromax Q7,1250,599
5642,mobile,Intex  Aqua R3,2517,599
6107,mobile,Micromax X353,1650,598
4245,mobile,Xolo A500s Lite,3909,598
1267,mobile,Nokia C2,2239,597
4460,mobile,Xolo Q1011,6299,597
4388,mobile,Micromax Rockstar C192,1350,596
4405,mobile,Celkon Campus A35K,2869,596
4495,mobile,Panasonic P41,7275,591
2016,mobile,Samsung Galaxy S3 I9300 32GB,37150,590
3917,mobile,Gionee GPad G4,16360,590
4230,mobile,IBall Andi 4 IPS Tiger,3758,589
4916,tablet,IBall Slide 3G 6095 Q700,6792,588
4428,mobile,Karbonn Titanium S2 Plus,5655,585
5886,mobile,Intex Star PDA,1699,582
5323,mobile,Lava Iris Fuel 60,8499,581
4628,mobile,Xolo Play 8X-1200,15699,580
3463,mobile,Gionee Gionee Long L700,1572,577
2631,tablet,Amazon  Kindle Paperwhite,7649,574
4932,mobile,Samsung Galaxy Mega 5.8 I9152,17007,570
754,mobile,Samsung Chat C3222,3795,569
3337,mobile,Micromax X084,830,568
6914,mobile,Intex Aqua Xtreme V,10988,565
3099,mobile,Panasonic P11,7000,563
5750,tablet,Micromax Funbook Ultra HD P580i ,7949,560
6179,mobile,Motorola Moto Turbo,41999,560
4362,tablet,Samsung  Galaxy Tab S 8.4,36850,559
4838,tablet,Videocon Tablet VA81,4922,559
4918,tablet,HTC Nexus 9,24900,557
4394,mobile,Huawei G730,7350,555
2825,mobile,Micromax Canvas A72 Viva,5524,554
3388,mobile,Nokia 208 Dual SIM,5599,554
4679,mobile,Gionee GPad G5,12000,553
3396,mobile,Lenovo A600E,6204,549
5404,mobile,Intex Aqua 3G star,3017,547
7392,mobile,IBall mSLR Cobalt4,8499,543
4493,mobile,Samsung Galaxy S5 LTE,35076,541
4943,mobile,Lenovo RocStar,3986,541
4811,mobile,Panasonic Gd22,1449,540
2078,tablet,Samsung  Galaxy Note 10.1,39500,539
5788,mobile,Celkon Millennia ME Q54,5070,536
4668,mobile,Oppo Yoyo R2001,10150,535
7341,mobile,ZTE Blade Qlux 4G,4999,534
6096,mobile,MTS Rockstar M151 CDMA,999,532
4264,mobile,Spice Stellar Mi-509,5049,531
4839,tablet,Samsung Galaxy Tab Sm-T111,11644,531
4767,mobile,Spice Stellar 439,3699,529
3508,mobile,Panasonic T31,3569,527
7126,mobile,Meizu M1 Note,11999,527
2954,mobile,Panasonic P51,8000,526
3084,mobile,Videocon A55 HD,6190,526
1652,mobile,Nokia Lumia 610,7549,523
4077,mobile,Xolo Q2500,6999,522
4006,mobile,Panasonic P31,7270,517
1405,mobile,BlackBerry Curve 9360,9999,516
1992,mobile,Samsung Galaxy Ace Duos S6802,7786,515
5533,mobile,Intex  Aqua Y3,3442,513
1635,mobile,Samsung Galaxy Y Duos S6102,6200,511
5781,mobile,Intex  Aqua Q1,3909,510
2826,mobile,Micromax Bolt A27,3047,508
5893,tablet,DataWind UbiSlate 7CZ Plus (Wi-Fi 3G),3272,507
7308,mobile,Intex Aqua 3G Pro,3116,506
3703,mobile,Karbonn Titanium X,6824,506
4655,mobile,Xolo Q510s,4744,506
5166,mobile,Celkon Win 400,3059,505
2597,mobile,Samsung E2202,1956,502
4123,mobile,Lenovo A859,6780,502
2077,mobile,Sony Xperia SL,34999,500
3492,mobile,Micromax Canvas Magnus A117,10999,495
3774,mobile,Sansui SA53 Great,3477,494
3940,mobile,Nokia Asha 230,3299,493
311,mobile,Micromax Bling Q55,2202,491
2157,mobile,HTC Desire X,7499,491
4717,mobile,IBall Andi 5k Panther,6188,491
5087,mobile,Micromax x2050,835,490
1531,mobile,Nokia Lumia 800,21990,489
7391,mobile,Infocus M350,7999,485
3536,mobile,Xolo A600,5290,484
5162,tablet,Apple iPad Air 2 16GB Gold (Wi-Fi+ Cellular),35397,484
5756,mobile,Spice Mi-402,2999,482
3017,tablet,Intex  IBuddy Connect 3G,9599,482
5556,mobile,LG G Flex 2,37500,480
5329,tablet,BSNL Wtab 7.4 (Wi-Fi 3G),4250,479
4160,mobile,ZTE D286,1479,478
4648,mobile,Intex Aqua Style Pro,6700,478
3434,mobile,Panasonic T21,6792,477
6676,mobile,Intex Aqua Y2 Plus,4290,477
1847,mobile,Nokia Asha 311,5199,475
2639,tablet,Simmtronics XPad X801,3020,475
7321,mobile,Micromax Canvas A1 AQ4501,4999,473
1768,mobile,HTC One X,22799,472
4528,tablet,Swipe Halo Fone 4GB (Wi-Fi 3G),3314,472
5423,mobile,Karbonn A40 Plus,3999,471
3579,mobile,Spice Pinnacle Stylus Mi-550,9999,469
4231,mobile,Micromax Canvas Engage A091,3817,468
4257,tablet,"Dell Venue 8 32GB (WiFi, 3G)",12306,467
5145,mobile,Micromax X344,1665,467
6070,mobile,Xolo  Q600 Club,4576,467
4772,mobile,Xolo Play 8X 1100,11999,466
2904,mobile,Lava Xolo Q2000,10500,465
6526,tablet,Vox V105,3229,465
3414,mobile,Micromax X097,897,462
3207,mobile,Xolo A500S,4999,460
4866,mobile,Karbonn Titanium S29 Elite,5985,460
5057,mobile,Micromax X242,1670,460
4497,mobile,Spice Stellar 520,4999,458
4274,tablet,Micromax  Funbook Duo P310,5810,455
5869,mobile,Intex Aqua X15,2039,453
1304,mobile,Karbonn Jumbo K9,1069,451
1984,mobile,HTC Desire VC,11541,450
5789,mobile,Videocon Infinium Z40Q Star,2967,450
5930,tablet,BSNL Champion Wtab 707 4GB (Wi-Fi),2987,449
2901,mobile,Micromax A110Q Canvas 2 Plus,10467,449
4384,mobile,HTC ONE (M8) Dual-SIM,36999,449
6277,mobile,Samsung GT 1200 RIM,1159,445
5720,mobile,Intex Aqua V 3G,2753,443
2256,mobile,Karbonn Sound Wave K451 Plus,1100,443
934,mobile,Nokia X2-01,3721,442
4232,mobile,Karbonn A100,2366,441
5224,mobile,Spice Stellar Mi-362,2249,441
2988,mobile,Spice Stellar Pinnacle Pro Mi-535,5999,439
3382,tablet,Micromax  Canvas Tab P650,15091,439
5234,mobile,Intex Crystal 702,2465,439
1599,mobile,Samsung C3312,5400,438
2712,mobile,Samsung REX 80,3200,438
4622,mobile,Oppo Joy,5092,438
3551,mobile,Lenovo A516,5049,436
2520,tablet,BSNL Penta WS802c,5699,435
4277,tablet,Samsung  Galaxy Tab 4 10.1 (3G),25499,434
5041,mobile,Xolo Q1020,8590,434
2160,mobile,Nokia Lumia 820,14000,433
5920,mobile,Lava Iris Fuel 20,5249,433
7348,mobile,Lava Flair P1,2999,433
3697,mobile,Lenovo K900 32GB,22150,432
3904,mobile,Micromax X337,2222,431
5110,mobile,Lava C11S,1199,431
431,mobile,Nokia X2,4336,429
5953,mobile,Sansui SA3512,1913,429
5069,mobile,Zen U105 Fire,1995,427
5119,tablet,Lava Xtron Z704,4999,426
2797,mobile,LG Optimus L7 II Dual P715,6490,424
4414,smart-watches,Spice Smart Pulse M9010,3500,423
6101,mobile,IBall  Xotic,7699,423
1775,mobile,Sony Xperia S,24400,422
5746,mobile,Lava KKT 40 Power,1329,421
6944,mobile,LG Magna,12702,420
5117,mobile,Lava Iris 500,5039,419
2310,mobile,LG Nexus 4,15849,418
5694,mobile,Intex Boom 2,1349,418
5570,tablet,HP Stream 8 32GB (Wi-Fi 3G),13854,415
6122,tablet,Asus FonePad FE171CG,10999,414
3327,mobile,Nokia Asha 503,5000,412
2914,mobile,Karbonn K-Phone 1,1129,410
1615,mobile,Nokia Asha 302,5950,405
5303,mobile,Karbonn  A108,2082,405
5443,mobile,Intex  Aqua 3X,5199,404
2953,mobile,Micromax Canvas Lite A92,5699,403
1761,mobile,Sony Xperia Sola,18999,402
3918,tablet,Dell Venue 8 32GB (Wi-Fi),10790,401
7194,mobile,Intex Cloud N IPS,3229,401
6776,mobile,jivi JV X57,498,400
1851,mobile,Motorola Defy XT,9490,400
6095,mobile,Lava L661 CDMA,1199,398
1593,mobile,Nokia X2-02,3829,396
3002,mobile,Lenovo S920,9999,394
4892,mobile,IBall Andi 4U Frisbee,4206,393
5608,mobile,Panasonic GD31 Mini,2599,393
20,mobile,BlackBerry Curve 8520,9390,392
1666,mobile,Samsung Star 3 Duos S5222,4277,390
4750,mobile,Intex Aqua Style Mini,3671,389
2252,mobile,Samsung Champ Neo Duos C3262,2679,388
5605,mobile,Lava  EG932,8779,387
7325,mobile,Intex Cloud N12 Plus,3855,386
2628,mobile,Samsung Galaxy Young,6083,385
2982,mobile,HTC Desire 600,15000,385
5576,tablet,Micromax Canvas Breeze Tab P660,19999,385
4598,tablet,HP 7 Plus (8GB Wi-Fi),5999,384
6104,mobile,Micromax  Bolt A79,3484,384
3704,mobile,Spice Smart Flo Mettle 5X Mi-504,3899,382
6103,mobile,Xolo  A1010,5199,380
4956,mobile,Micromax X243,1049,380
3883,mobile,Samsung Galaxy Grand Z,15170,378
3485,mobile,Gionee GPad G3,8998,377
3310,mobile,Spice Stellar Glamour Mi-436,3999,375
5165,tablet,Amazon All-New Kindle 6 4GB (Wi-Fi),4248,375
5862,mobile,Micromax X2820,1599,375
6355,mobile,Intex Aqua Desire HD,7499,375
1491,mobile,Nokia Asha 200,3902,374
5040,mobile,Spice Mi-549,5799,374
3324,mobile,Nokia Asha 502,4949,372
6337,mobile,Intex Aqua Y2 IPS,3719,371
4409,mobile,Lava Magnum X604,7999,369
5188,mobile,Karbonn A51Q,2399,368
5937,mobile,BSNL Champion X1 Star,725,368
7409,mobile,Asus Zenfone 2 ZE551ML (4GB RAM 32GB ROM 2.3 GHz),19999,368
7328,mobile,Intex Aqua Q2,4970,367
1850,mobile,HTC Desire V,10485,365
6770,smart-watches,U Watch U8 2378 Smartwatch,2599,362
7077,mobile,Karbonn Titanium Dazzle S202,4407,361
3240,mobile,Gionee P1,4185,360
2137,mobile,Samsung Galaxy S2 Plus,11700,359
4880,tablet,HP 7 Voice Tab 8 GB,8074,359
5871,mobile,ZTE N919D,6325,359
5889,mobile,Intex Aqua Star L,8990,359
413,mobile,Nokia C5,6930,357
4600,tablet,Asus Fonepad 7 2014 (4GB Wi-Fi 3G),8490,356
4657,mobile,Xolo Q610s,4999,356
7278,mobile,Micromax Canvas A1 AQ4502,5800,356
3386,mobile,BlackBerry 9720,9208,355
7385,mobile,Micromax Gold Fire 2 A104,5524,354
3368,mobile,Micromax X085,750,353
3279,mobile,ZTE Blade G2 V880H,3490,352
3411,mobile,Gionee Elife E5,12915,352
2391,mobile,HTC Butterfly,27999,351
1410,mobile,Nokia 500,5999,350
5260,mobile,Acer Liquid Jade,9999,349
3850,tablet,"Micromax Funbook P365 4GB (Wi-Fi, 3G via USB Dongle)",4999,348
4697,mobile,Micromax Bolt A082,4600,347
6358,mobile,Adcom X9,590,346
3021,mobile,Lenovo S820,8999,345
1617,mobile,Samsung Galaxy Ace Duos,8786,344
4517,mobile,Micromax Canvas L A108,8943,342
4949,mobile,Lava Iris 410,3699,341
6787,mobile,Intex Aqua Q1 Plus,4165,341
4859,tablet,Huawei MediaPad Honor T1,8999,340
4907,tablet,IBall Tablet PC 3GQ7271 IPS20,6630,340
3902,tablet,IBall  Slide 7236 2G 4GB,4327,337
6905,mobile,Zen Ultrafone 108,2670,337
4917,mobile,Motorola Nexus 6 64GB,39999,336
5121,mobile,Lava Iris X1 16 GB,7599,336
1764,mobile,Samsung Galaxy Ace Plus S7500,6267,335
2786,mobile,Karbonn S5 Titanium,10651,335
5633,mobile,Intex Tubo Turbo S5,1275,335
5879,mobile,Oppo Mirror 3,12874,334
3256,mobile,Celkon A63,2999,333
3695,tablet,Lenovo Yoga 8 B6000 16GB (Wi-Fi 3G),18150,333
4223,mobile,Micromax C200,1150,332
4631,tablet,Acer Iconia Tab 7 A1-713,9290,330
2673,mobile,Micromax A35 Bolt,3549,329
3100,mobile,Panasonic T11,6999,329
4596,mobile,Panasonic GD21,1311,327
3727,mobile,ZTE N799D,3226,325
416,mobile,Nokia E5,9168,324
1480,mobile,Nokia 100,1335,324
3738,tablet,Samsung  Galaxy Note Pro 12.2,49890,324
4007,mobile,Oppo Neo,8080,324
4500,mobile,Micromax X245,1048,324
5311,mobile,Micromax Bolt A067,3532,324
5476,tablet,Lava Ivory Xtron Z704 (Wi-Fi 3G),4999,324
7388,mobile,Intex Aqua Star 2 4GB,5899,324
3753,mobile,Lava Iris 405 Plus,5980,323
5091,mobile,Micromax X342,1440,323
3854,tablet,"HP Slate 10 HD 8GB (Wi-Fi, 3G)",10999,322
5472,mobile,Samsung Metro Duos E2252,2695,322
2079,mobile,Sony Xperia Ion,21829,321
2940,mobile,LG Optimus L5 II E450,4933,321
3756,tablet,BSNL  Penta Smart PS650,5000,321
3815,mobile,LG Optimus L1 II E420,2999,321
4492,mobile,Huawei Ascend P7,21399,321
5724,mobile,Lava Iris Alfa,6349,320
6227,mobile,Micromax  Canvas Tube A118R,6998,320
2629,mobile,Samsung Galaxy Fame,6800,319
4921,mobile,Micromax X070,655,319
5531,mobile,Spice Stellar 440,3429,319
5506,tablet,Swipe MTV Slash 3G 8GB (Wi-Fi 3G),4589,318
5969,mobile,Zen  Ultrafone 402 Play,3485,318
2657,mobile,Samsung Rex 60,3960,317
5585,mobile,Xolo A1000s Lite,5849,317
315,mobile,Micromax Gamolution G4,3999,316
1619,mobile,Nokia Lumia 900,17969,316
2163,mobile,HTC 8X,15999,316
3887,mobile,LG G Pro 2,29130,315
4018,mobile,Xolo A500 Club,4249,315
4512,mobile,Celkon Millennium Vogue Q455,6900,315
3494,mobile,LG G Flex,27990,313
6831,mobile,Karbonn Alfa A120,3824,312
2650,tablet,BSNL  Penta T-Pad WS707C,4999,312
3916,tablet,Dell Venue 8 16GB (Wi-Fi),10299,311
3992,tablet,Dell  Venue 7,6800,311
4244,smart-watches,Sony SmartWatch 2 SW2,8680,311
6719,tablet,Ambrane A7 Plus,2422,310
2716,tablet,Datawind UbiSlate 7C Plus,2746,309
4792,mobile,Oppo Neo 3 R831K,8100,309
4757,mobile,Philips  Xenium W6610,9999,308
5545,mobile,Xolo Play 8X-1020,9890,308
3329,mobile,Micromax Canvas Fun A63,4199,307
5181,mobile,Asus Padfone Mini,13499,306
1780,mobile,Blackberry Curve 9220,9065,305
2443,tablet,Apple iPad 4 16GB (Wi-Fi 4G),28582,304
4319,mobile,Micromax Canvas Entice A105,5490,304
6757,mobile,Xolo Hive 5.0,12045,303
3082,tablet,Asus  Google Nexus 7,15889,303
3397,tablet,IBall  Edu-Slide 3G Q1035,13999,303
5522,mobile,Videocon  Infinium Z45 Nova,4790,303
4704,mobile,Philips W3500,4662,302
5697,mobile,Spice  Mi-501,3999,302
6112,mobile,Vivo  X Shot X710,21690,300
3631,tablet,HCL Me Champ 4GB (Wi-Fi 3G),4299,299
2926,mobile,Micromax Canvas Music A88,5999,298
4177,mobile,Karbonn A25 Plus,5990,298
5295,tablet,IBall Slide Octa A41 (16GB Wi-Fi 3G),11629,298
3020,mobile,Lenovo A706,6599,297
755,mobile,Samsung Metro C3530,3907,296
1959,mobile,Samsung Galaxy Chat,8620,296
4133,mobile,IBall Andi 4.5P Glitter,4899,296
5846,mobile,Intex  Aqua Desire,11000,295
3227,tablet,Videocon VA75,3824,294
5349,mobile,T-Series T12,1000,294
3979,mobile,Alcatel One Touch Idol X 6040D,8999,293
4575,mobile,Swipe Konnect 4e,2124,293
1421,mobile,Samsung Galaxy S Plus I9001,8200,292
6472,mobile,Cheers C21,1359,292
4023,tablet,Micromax Funbook Ultra HD P580,8499,291
4707,mobile,ZTE Grand X2,5290,291
1671,mobile,Motorola Atrix 2,18907,290
1774,tablet,Micromax  Funbook,5499,290
3860,mobile,Micromax X457,2392,290
5800,mobile,Intex Feel,1869,290
6582,mobile,Spice Stellar 526n Octa,6499,288
5755,mobile,Spice Mi-401,2599,287
7238,mobile,Celkon Millennia Q519,4299,287
1510,mobile,BlackBerry Bold 9790,17999,287
5258,mobile,IBall  Andi 4H Tiger Plus,4120,287
6260,mobile,Xolo LT2000,9900,286
3550,mobile,Gionee CTRL V3,8399,285
4368,tablet,Samsung Galaxy Tab 4 7.0,12732,285
6174,mobile,LG  G2 4G,25463,284
1762,mobile,Nokia PureView 808,25184,283
1829,tablet,HCL  ME Tablet U1,4999,283
4976,mobile,Oppo R5,24400,283
3665,mobile,Karbon Titanium S7,14000,282
4794,mobile,Lava Spark 252,1499,282
4568,mobile,Karbonn Titanium S19,7400,281
5916,mobile,Spice MI-6115,2599,281
3001,mobile,HTC One Max,33499,280
3690,mobile,Micromax Bolt A61,3599,280
4423,mobile,Micromax Canvas HD A190,9649,280
4812,mobile,Panasonic Gd25C,2274,280
4651,mobile,Spice Stellar 449 3G,4099,278
4719,tablet,Microsoft Surface Pro 3,81399,278
6943,mobile,Spice Stellar 519,7799,278
5807,mobile,Spice  Mi-511,4999,277
6023,mobile,Zen  402 Sport,4106,277
7032,fitness-tracker,Sony SWR110 Smartband,990,276
5751,mobile,Xolo Q520s,4299,275
5115,mobile,Karbonn Titanium S4 Plus,3750,275
2994,mobile,HTC One Mini,32150,274
3339,mobile,IBall Andi 4a Projector,15460,274
3750,mobile,Micromax Bolt A47,4500,274
7411,mobile,HTC Desire 326G Plus,9800,274
5914,mobile,Videocon  Z40 Lite,2549,273
4736,mobile,Lava Iris 352 Flair,4099,272
6391,mobile,jivi JV C300,800,270
2854,tablet,Simmtronics Xpad X802,4049,270
4346,mobile,Huawei Ascend Y511,7320,270
4592,mobile,Spice Stellar 361,2586,270
2418,mobile,LG Optimus L9,9024,269
4374,smart-watches,Motorola Moto 360,12999,269
4499,mobile,Spice Stellar 526,7500,269
4688,mobile,Spice Gaming X-2,1400,269
3760,mobile,Lenovo Vibe X,14399,268
5772,mobile,IBall Avonte 2.4G,1099,268
1430,mobile,HTC Explorer,5719,267
2238,mobile,Micromax X455i,2300,267
4132,mobile,Micromax Bolt A69,5010,267
2658,mobile,Maxx AX8 Note I,6238,266
2813,mobile,Micromax Canvas 3D A115,8999,266
3050,mobile,Karbonn Titanium S6,8990,266
3475,tablet,Micromax  Funbook Mini P410,5888,265
3841,mobile,Micromax Bolt A66,3569,265
3993,tablet,HP  Slate 6 Voice Tab,9450,265
4110,mobile,Lenovo S930,11644,263
5918,mobile,Micromax Canvas A82,4949,263
5376,mobile,Lava Arc 22 Beats,1429,262
2983,mobile,Lenovo A390,6300,261
3981,mobile,Xolo Q1100,6990,261
469,mobile,Samsung C3010,1754,260
4216,mobile,Lava Iris 504Q Plus,17100,260
4572,mobile,Panasonic GD31,1969,260
5957,mobile,Intex Aqua Y2 Remote,3649,260
3334,tablet,Samsung  Galaxy Note 10.1 (2014 Edition),47369,259
499,mobile,Samsung Guru Dual 26 E1252,1748,258
2421,mobile,Nokia Asha 205 Dual Sim,3311,258
5845,mobile,Micromax AD3520,4535,257
3132,mobile,Celkon A119Q Signature HD,9898,256
3490,mobile,Videocon A54,4650,255
3748,mobile,Micromax Bolt A28,3200,255
7006,tablet,IBall Slide 3G Q45,5157,255
2164,mobile,Samsung Galaxy Y Duos Lite,4992,254
2385,mobile,Lenovo A60 Plus Augusta,6037,254
2246,mobile,Nokia Asha 308,4089,253
3120,tablet,Lenovo  IdeaTab A1000,6399,253
4436,mobile,Karbonn Opium N7,3440,251
4934,mobile,Zen Ultrafone 506,5160,251
7266,mobile,Karbonn Titanium S15 Plus,3790,251
7144,mobile,Karbonn A109,2818,250
3128,mobile,HTC Desire 500,16500,250
4980,tablet,Digiflip Pro XT811 Tablet,8000,250
5208,mobile,Spice Full Touch MI-347,2299,249
7381,tablet,Micromax Funbook Mini P410i,5356,249
3238,mobile,Gionee CTRL V4,9399,248
3723,mobile,Micromax GC232,2525,248
5190,mobile,Celkon Millennia Epic Q550,9275,247
6169,mobile,Karbonn  Platinum P9,8999,247
7085,mobile,Karbonn Alfa A104,1680,247
4234,mobile,Xolo Q600s,6999,246
5143,mobile,Alcatel OneTouch Flash,8499,246
3977,mobile,DataWind PocketSurfer 3G5,3824,245
5355,mobile,Videocon V1520,790,245
5511,mobile,Sansui R3 Flame,640,245
6534,tablet,Ambrane A3-7 Plus,3399,245
4162,mobile,Gionee S90,1784,244
4706,mobile,Xolo A1000S,4949,243
7351,mobile,Lenovo K910L,16350,242
5141,mobile,IBall iBall Pearl D3,1648,242
5499,tablet,Dell Venue 8 3000 Series 16GB (Wi-Fi 3G),13686,242
2595,mobile,Lenovo A800,5796,241
2737,mobile,Samsung REX 70 S3802,4022,241
3061,mobile,Huawei Ascend P6,16032,241
4008,mobile,Oppo Find 5 Mini,11972,241
4448,smart-watches,Sony SmartWatch,4992,241
4523,tablet,Swipe 3D Life Tab X74 4GB (Wi-Fi 3G),3144,241
19,mobile,BlackBerry Curve 3G 9300,8990,240
2997,tablet,Samsung Galaxy Tab 3 8.0,13999,240
5308,mobile,BSNL  My Phone 42,2849,240
6884,tablet,IBall 6351-Q40i,3999,240
7060,mobile,Samsung E1270 Flip,2499,240
6166,mobile,Zen Ultrafone 402,3528,239
